City_ID,City,Lat,Lng,Max Temp,Humidity,Cloudiness,Wind Speed,Country,Date
0,busselton,-33.65,115.3333,66.02000000000007,67,94,4.38,AU,1681610152
1,santa marta,11.2408,-74.199,86.05400000000006,58,40,5.14,CO,1681609615
2,nikolsk,53.7189,46.0712,29.75,54,0,2.24,RU,1681609842
3,jarwal,27.1667,81.55,88.358,13,0,1.71,IN,1681609842
4,porto novo,6.4965,2.6036,75.02000000000007,87,100,2.22,BJ,1681609842
5,vostok,46.4856,135.8833,38.80400000000005,38,100,5.57,RU,1681610153
6,grindavik,63.8424,-22.4338,44.54600000000005,81,100,7.2,IS,1681610154
7,vaini,-21.2,-175.2,84.36200000000005,74,40,5.14,TO,1681610154
8,ushuaia,-54.8,-68.3,44.258,70,75,3.09,AR,1681609880
9,harper,4.375,-7.7169,80.47400000000002,84,100,1.09,LR,1681609618
10,bengkulu,-3.8004,102.2655,78.27800000000006,84,100,1.93,ID,1681610154
11,sovetskiy,61.3614,63.5842,15.260000000000083,94,80,1.62,RU,1681609844
12,sao filipe,14.8961,-24.4956,76.316,74,0,2.51,CV,1681610155
13,saint anthony,45.0205,-93.218,41.66600000000001,88,100,6.17,US,1681609845
14,kaitangata,-46.2817,169.8464,61.93399999999999,69,49,2.05,NZ,1681609579
15,kapaa,22.0752,-159.319,80.58200000000002,72,0,7.2,US,1681610156
16,raudeberg,61.9875,5.1352,37.958000000000006,80,5,1.35,NO,1681609616
17,obihiro,42.9172,143.2044,40.40600000000003,99,100,2.49,JP,1681609762
18,albany,42.6001,-73.9662,67.92800000000007,73,93,1.89,US,1681609892
19,aklavik,68.2191,-135.0107,11.372000000000035,88,100,4.83,CA,1681609847
20,butaritari,3.0707,172.7902,82.36400000000003,77,100,6.2,KI,1681610157
21,bilibino,68.0546,166.4372,18.914000000000033,58,4,1.01,RU,1681609847
22,moerai,-22.4333,-151.3333,77.27000000000007,73,100,7.53,PF,1681609847
23,lukovetskiy,64.2956,41.9211,18.752000000000077,96,46,0.45,RU,1681609848
24,saldanha,-33.0117,17.9442,58.838000000000044,78,0,4.82,ZA,1681610157
25,jamestown,42.097,-79.2353,67.64000000000001,52,40,0.45,US,1681610158
26,hobart,-42.8794,147.3294,56.26400000000003,88,75,4.63,AU,1681610158
27,bodden town,19.2833,-81.25,80.924,84,20,2.57,KY,1681609850
28,atuona,-9.8,-139.0333,81.5,76,12,6.93,PF,1681610158
29,santa vitoria do palmar,-33.5189,-53.3681,56.66000000000008,80,86,1.93,BR,1681609612
30,gornopravdinsk,60.05,69.9,12.380000000000042,74,24,3.48,RU,1681609851
31,dikson,73.5069,80.5464,-14.169999999999959,98,34,2.16,RU,1681610159
32,taft,31.7471,54.2088,51.74600000000005,30,0,2.06,IR,1681609851
33,nabire,-3.3667,135.4833,87.0260000000001,57,25,1.73,ID,1681609851
34,canutama,-6.5339,-64.3831,74.75,96,100,0.67,BR,1681609852
35,marrakesh,31.6315,-8.0083,68.07200000000003,52,0,2.06,MA,1681609852
36,saint george,37.1041,-113.5841,72.19400000000007,9,0,0.0,US,1681610116
37,ostrovnoy,68.0531,39.5131,20.678000000000065,81,19,4.73,RU,1681610160
38,bredasdorp,-34.5322,20.0403,54.21200000000006,88,0,1.25,ZA,1681610161
39,coihaique,-45.5752,-72.0662,44.54600000000005,70,0,1.03,CL,1681609635
40,clyde river,70.4692,-68.5914,7.033999999999992,85,100,9.77,CA,1681610161
41,hilo,19.7297,-155.09,78.53000000000004,74,20,5.14,US,1681610161
42,daru,-9.0763,143.2092,83.22800000000007,75,44,1.63,PG,1681609854
43,zabol,32.25,67.25,60.49400000000007,49,89,1.59,AF,1681609854
44,arlit,18.7369,7.3853,82.5260000000001,14,98,4.3,NE,1681609855
45,quatre cocos,-20.2078,57.7625,76.08200000000002,81,93,2.94,MU,1681610163
46,lebu,-37.6167,-73.65,53.312000000000054,86,0,7.62,CL,1681610163
47,imeni poliny osipenko,52.4201,136.4853,32.55800000000001,80,10,3.84,RU,1681609856
48,east london,-33.0153,27.9116,59.46800000000009,66,68,2.02,ZA,1681610164
49,punta arenas,-53.15,-70.9167,44.708000000000006,76,75,8.75,CL,1681610164
50,codrington,-38.2667,141.9667,59.21600000000001,60,39,8.48,AU,1681610164
51,mabaruma,8.2,-59.7833,75.95600000000003,82,85,2.26,GY,1681609856
52,yerbogachen,61.2767,108.0108,4.891999999999996,79,7,5.42,RU,1681610165
53,chuy,-33.6971,-53.4616,55.59800000000003,79,97,1.52,UY,1681610166
54,tuktoyaktuk,69.4541,-133.0374,10.399999999999999,79,100,3.6,CA,1681610166
55,faanui,-16.4833,-151.75,82.14800000000002,72,15,5.38,PF,1681610166
56,seoul,37.5683,126.9778,56.588000000000044,76,75,2.57,KR,1681610112
57,rikitea,-23.1203,-134.9692,79.10600000000002,65,0,2.81,PF,1681610167
58,dumai,1.6833,101.45,77.43200000000002,88,100,1.17,ID,1681609858
59,juegang,32.3174,121.1855,63.21200000000006,70,3,4.28,CN,1681610168
60,mataura,-46.1927,168.8643,66.308,52,100,1.14,NZ,1681610168
61,longyearbyen,78.2186,15.6401,30.038000000000046,93,100,2.06,SJ,1681610168
62,yeppoon,-23.1333,150.7333,83.984,53,9,3.76,AU,1681609859
63,kota kinabalu,5.9749,116.0724,84.18200000000002,79,20,1.03,MY,1681609859
64,souillac,-20.5167,57.5167,75.57800000000006,94,40,1.54,MU,1681610169
65,victoria,22.2855,114.1577,82.45400000000005,75,2,2.68,HK,1681610169
66,sitka,57.0531,-135.33,44.492,70,75,5.14,US,1681609822
67,puerto ayora,-0.7393,-90.3518,74.55200000000008,99,100,2.24,EC,1681610170
68,dawlatabad,36.4141,64.9053,63.91400000000003,33,100,1.92,AF,1681609861
69,barrow,71.2906,-156.7887,-2.1819999999999666,71,0,3.6,US,1681610171
70,coihueco,-36.6167,-71.8333,52.10600000000003,63,0,0.9,CL,1681609861
71,sakakah,29.9697,40.2064,60.36800000000009,55,0,3.48,SA,1681609862
72,alofi,-19.0595,-169.9187,80.49199999999999,78,66,6.17,NU,1681610172
73,atasu,48.6814,71.6433,28.958000000000006,60,78,4.56,KZ,1681609617
74,hermanus,-34.4187,19.2345,53.79800000000002,76,0,3.81,ZA,1681610172
75,la ronge,55.1001,-105.2842,50.25200000000008,34,75,2.57,CA,1681610173
76,gat,31.61,34.7642,69.40400000000005,100,0,0.28,IL,1681609864
77,vila franca do campo,37.7167,-25.4333,63.01400000000003,92,24,5.6,PT,1681610173
78,najran,17.4924,44.1277,70.44800000000002,62,0,1.43,SA,1681609865
79,bluff,-46.6,168.3333,60.188000000000045,67,100,1.92,NZ,1681610174
80,kampene,-3.6,26.6667,69.29600000000005,100,100,0.94,CD,1681609865
81,parana,-31.732,-60.5238,67.56800000000008,67,100,5.13,AR,1681609853
82,new norfolk,-42.7826,147.0587,55.92200000000004,75,100,1.34,AU,1681610175
83,ntoum,0.3833,9.7833,82.16600000000001,96,93,1.26,GA,1681609867
84,mayo,38.8876,-76.5119,69.51200000000006,91,40,1.54,US,1681609632
85,solnechnyy,50.7214,136.6319,35.83399999999999,58,60,3.75,RU,1681610176
86,bethel,41.3712,-73.414,62.96000000000008,89,100,0.0,US,1681610176
87,balabac,7.9868,117.0645,85.1,66,100,1.59,PH,1681609868
88,airai,-8.9266,125.4092,73.058,65,90,0.6,TL,1681610177
89,husavik,66.0449,-17.3389,35.294000000000075,85,100,3.17,IS,1681610178
90,torrelavega,43.3494,-4.0479,55.79600000000005,91,100,0.45,ES,1681609869
91,oneonta,42.4529,-75.0638,61.73600000000007,88,99,1.35,US,1681609869
92,chiredzi,-21.05,31.6667,63.98600000000007,85,100,1.76,ZW,1681609870
93,ronne,55.1009,14.7066,42.71000000000008,87,100,7.2,DK,1681609871
94,torbay,47.6666,-52.7314,38.28200000000002,83,20,5.66,CA,1681610179
95,damaturu,11.747,11.9608,80.42000000000006,10,55,2.56,NG,1681609872
96,geraldton,-28.7667,114.6,70.21400000000003,46,0,6.17,AU,1681609872
97,port macquarie,-31.4333,152.9167,71.88800000000005,64,100,3.79,AU,1681609622
98,lazaro cardenas,17.9583,-102.2,77.558,74,93,2.98,MX,1681609872
99,ahuimanu,21.4447,-157.8378,83.91200000000006,71,20,5.14,US,1681609872
100,kutum,14.2,24.6667,73.68800000000005,18,100,4.36,SD,1681609873
101,port alfred,-33.5906,26.891,58.49600000000005,76,50,2.73,ZA,1681610181
102,nipawin,53.3668,-104.0009,46.43600000000007,61,0,3.09,CA,1681609873
103,juneau,58.3019,-134.4197,46.22000000000006,92,100,5.14,US,1681610086
104,kruisfontein,-34.0033,24.7314,50.288000000000046,73,30,1.08,ZA,1681610183
105,warri,5.5167,5.75,78.908,90,100,1.16,NG,1681609874
106,zhanaozen,43.3,52.8,37.04000000000002,64,99,9.75,KZ,1681609874
107,lata,40.1629,-8.3327,55.07600000000009,93,2,1.83,PT,1681610183
108,castro,-24.7911,-50.0119,59.12600000000009,98,71,3.37,BR,1681610183
109,temba,-25.3803,28.2631,63.104000000000056,84,0,2.74,ZA,1681609874
110,port-cartier,50.0334,-66.8654,36.75200000000008,86,100,1.61,CA,1681609875
111,necochea,-38.5473,-58.7368,53.18600000000007,73,34,3.01,AR,1681610184
112,qaanaaq,77.484,-69.3632,-3.2079999999999558,85,7,2.83,GL,1681610185
113,chokurdakh,70.6333,147.9167,13.04600000000005,89,29,4.91,RU,1681610185
114,puro,12.4841,123.3827,86.0,63,61,1.25,PH,1681609875
115,kiama,-34.6833,150.8667,76.24400000000007,68,36,0.89,AU,1681609698
116,shivrajpur,22.4167,73.65,76.96400000000003,41,0,1.63,IN,1681609876
117,nuuk,64.1835,-51.7216,30.812000000000058,93,44,4.12,GL,1681610186
118,dossor,47.5272,52.9811,30.90200000000008,61,98,10.11,KZ,1681609876
119,kamphaeng phet,16.25,99.5,91.07600000000009,42,57,2.29,TH,1681609876
120,ouadda,8.0777,22.4007,70.66400000000003,77,100,1.69,CF,1681609877
121,nome,64.5011,-165.4064,19.166000000000007,79,0,1.54,US,1681610188
122,rudbar,30.15,62.6,72.82400000000001,20,5,3.24,AF,1681609877
123,the pas,53.8251,-101.2541,42.81800000000008,52,75,3.6,CA,1681610188
124,esperance,-33.8667,121.9,66.18200000000002,65,20,7.88,AU,1681610189
125,wanning,18.8003,110.3967,80.69000000000003,79,100,1.48,CN,1681609878
126,yellowknife,62.456,-114.3525,39.72200000000004,56,75,5.66,CA,1681610189
127,arraial do cabo,-22.9661,-42.0278,74.91200000000006,87,22,5.69,BR,1681610190
128,avarua,-21.2078,-159.775,78.85400000000006,65,100,2.57,CK,1681610191
129,petropavlovka,50.6114,105.3196,23.882000000000016,81,100,2.05,RU,1681609879
130,yatou,37.15,122.3833,56.89400000000008,48,0,3.16,CN,1681609879
131,dingle,10.9995,122.6711,87.908,59,83,1.79,PH,1681610191
132,ribeira grande,38.5167,-28.7,63.77000000000006,94,14,6.71,PT,1681610192
133,benghazi,32.1167,20.0667,59.791999999999994,67,0,3.72,LY,1681609879
134,hayama,35.2667,139.5833,65.192,67,60,9.06,JP,1681609880
135,georgetown,5.4112,100.3354,87.72800000000007,84,20,2.06,MY,1681610190
136,ponta do sol,32.6667,-17.1,66.00200000000008,66,0,1.89,PT,1681610193
137,gizo,-8.103,156.8419,84.434,61,61,5.36,SB,1681610193
138,ushibuka,32.1906,130.0228,62.72600000000009,67,22,6.45,JP,1681609881
139,hervey bay,-25.2986,152.8535,76.87400000000001,65,82,3.99,AU,1681609967
140,phan thiet,10.9333,108.1,83.75,75,100,0.81,VN,1681609881
141,iquitos,-3.7481,-73.2472,73.43600000000006,100,75,1.03,PE,1681609881
142,fort nelson,58.8053,-122.7002,54.98600000000007,26,75,4.63,CA,1681609881
143,ambulu,-8.345,113.6058,83.01200000000006,73,100,1.08,ID,1681609882
144,itarema,-2.9248,-39.9167,77.57600000000009,89,100,4.61,BR,1681610197
145,thompson,55.7435,-97.8558,39.36200000000006,38,20,2.06,CA,1681610197
146,port lincoln,-34.7333,135.8667,61.754000000000055,47,64,6.28,AU,1681610197
147,padang,-0.9492,100.3543,78.85400000000006,80,100,0.32,ID,1681610198
148,jacqueville,5.2052,-4.4146,81.51800000000009,84,98,1.83,CI,1681609883
149,barra do garcas,-15.89,-52.2567,74.82200000000003,83,9,1.06,BR,1681609614
150,arbuzynka,47.9097,31.3196,45.03200000000002,83,100,5.58,UA,1681609883
151,luderitz,-26.6481,15.1594,76.80200000000008,28,0,7.02,NA,1681610199
152,vanavara,60.34,102.2797,9.752000000000077,78,8,1.98,RU,1681609884
153,kintampo,8.0563,-1.7306,77.59400000000008,73,100,1.7,GH,1681609884
154,rovira,4.2392,-75.24,75.57800000000006,86,97,2.93,CO,1681609884
155,botwood,49.1499,-55.3482,37.90400000000005,85,13,3.07,CA,1681609884
156,sola,-13.8833,167.55,80.78000000000004,76,100,10.21,VU,1681609884
157,lodeynoye pole,60.726,33.5531,30.308000000000003,86,100,1.99,RU,1681609885
158,half moon bay,37.4636,-122.4286,61.91600000000001,72,40,8.23,US,1681610200
159,altay,47.8667,88.1167,44.63600000000007,92,100,2.15,CN,1681610201
160,yulara,-25.2406,130.9889,63.608000000000004,36,0,6.1,AU,1681610201
161,banda aceh,5.5577,95.3222,83.76800000000009,72,100,0.98,ID,1681609885
162,qui nhon,13.7667,109.2333,80.65400000000005,82,100,0.78,VN,1681609778
163,khatanga,71.9667,102.5,14.828000000000067,94,88,1.44,RU,1681610202
164,nikolskoye,59.7035,30.7861,35.492,73,100,2.05,RU,1681610202
165,ketchikan,55.3422,-131.6461,44.582000000000015,87,100,5.66,US,1681609886
166,naze,28.3667,129.4833,68.91800000000009,59,0,4.35,JP,1681609644
167,lompoc,34.6391,-120.4579,58.01000000000008,85,0,3.6,US,1681610203
168,cooma,-36.2333,149.1333,49.53200000000002,83,100,5.4,AU,1681609887
169,bambous virieux,-20.3428,57.7575,76.208,94,40,1.54,MU,1681610203
170,kurumkan,54.3,110.3,29.82200000000004,57,65,2.69,RU,1681609888
171,upernavik,72.7868,-56.1549,2.048000000000023,100,100,3.29,GL,1681610203
172,tasiilaq,65.6145,-37.6368,27.878000000000064,78,100,3.31,GL,1681610204
173,scarborough,54.2797,-0.4044,45.91400000000003,91,100,3.13,GB,1681609888
174,manga,11.6636,-1.0731,88.05200000000008,42,98,4.0,BF,1681609888
175,cape town,-33.9258,18.4232,63.91400000000003,66,0,5.14,ZA,1681610204
176,cabo san lucas,22.8909,-109.9124,74.49800000000002,71,0,4.32,MX,1681610136
177,ust-kulom,61.6864,53.6902,24.278000000000066,95,97,2.7,RU,1681609889
178,adrar,20.5022,-10.0711,83.642,12,84,2.39,MR,1681609889
179,bac lieu,9.285,105.7244,80.87000000000006,71,100,3.42,VN,1681609890
180,taltal,-25.4,-70.4833,65.60600000000002,78,0,1.54,CL,1681610206
181,hofn,64.2539,-15.2082,43.358000000000004,84,100,4.37,IS,1681610206
182,klaksvik,62.2266,-6.589,45.518000000000086,91,100,7.39,FO,1681609891
183,ilulissat,69.2167,-51.1,3.830000000000041,91,19,2.6,GL,1681610206
184,coolum beach,-26.5333,153.1,83.33600000000007,70,19,3.97,AU,1681609891
185,carnarvon,-24.8667,113.6333,73.47200000000004,30,5,6.54,AU,1681610207
186,udala,43.0778,-2.5125,50.233999999999995,94,91,1.46,ES,1681609892
187,pedernales,18.0384,-71.744,79.41200000000006,69,97,1.17,DO,1681609892
188,oriximina,-1.7656,-55.8661,75.092,95,100,1.42,BR,1681609631
189,malartic,48.1335,-78.1328,53.708000000000006,87,17,1.44,CA,1681609892
190,acapulco,16.8634,-99.8901,80.42000000000006,78,40,3.09,MX,1681609941
191,belmonte,-15.8631,-38.8828,76.69400000000007,86,65,4.38,BR,1681610208
192,pacifica,37.6138,-122.4869,60.58399999999999,76,20,8.23,US,1681609617
193,berlevag,70.8578,29.0864,31.802000000000078,64,7,3.94,NO,1681609893
194,nanortalik,60.1432,-45.2371,34.39400000000008,75,97,2.3,GL,1681610209
195,fairbanks,64.8378,-147.7164,35.94199999999999,50,20,4.12,US,1681610209
196,fukue,32.6881,128.8419,64.76000000000008,72,20,6.69,JP,1681610209
197,jaypur,18.85,82.5833,85.98200000000001,25,97,1.41,IN,1681609894
198,waipawa,-41.4122,175.5153,62.00600000000003,63,100,5.52,NZ,1681609627
199,port elizabeth,-33.918,25.5701,55.688000000000045,82,0,4.12,ZA,1681610211
200,dawei,14.0833,98.2,87.17000000000006,56,68,0.92,MM,1681609894
201,diamantino,-14.4086,-56.4461,73.56200000000005,92,97,0.99,BR,1681609895
202,maceio,-9.6658,-35.7353,76.442,94,40,1.03,BR,1681610211
203,sobolevo,54.4299,31.8996,37.43600000000007,65,100,5.32,RU,1681609895
204,inhambane,-23.865,35.3833,69.40400000000005,74,18,3.88,MZ,1681610212
205,altar,30.7,-111.8167,73.77800000000006,19,0,4.55,MX,1681609895
206,trairi,-3.2778,-39.2689,76.26200000000006,93,100,3.74,BR,1681610002
207,takoradi,4.8845,-1.7554,79.68200000000002,85,100,2.36,GH,1681609896
208,conceicao do araguaia,-8.2578,-49.2647,79.44800000000002,78,96,0.76,BR,1681609896
209,takaka,-40.85,172.8,63.55400000000005,62,100,2.14,NZ,1681609896
210,cururupu,-1.8283,-44.8683,75.39800000000002,95,100,1.7,BR,1681609897
211,katsuura,35.1333,140.3,67.71200000000006,65,82,12.68,JP,1681610213
212,yar-sale,66.8333,70.8333,4.4780000000000655,90,100,10.38,RU,1681609897
213,uray,60.1247,64.7758,22.478000000000065,65,12,1.83,RU,1681609727
214,abu dhabi,24.4667,54.3667,78.94400000000007,61,0,2.06,AE,1681609626
215,cienfuegos,22.1461,-80.4356,73.54400000000007,88,55,3.09,CU,1681609898
216,sao miguel do araguaia,-13.275,-50.1628,76.87400000000001,71,100,0.48,BR,1681609898
217,cayeli,41.0923,40.7292,57.47000000000006,57,2,2.31,TR,1681609898
218,luanshya,-13.1367,28.4166,60.8,84,100,3.57,ZM,1681609898
219,mnogovershinnyy,53.9353,139.9242,28.598000000000024,91,100,1.23,RU,1681609899
220,hithadhoo,-0.6,73.0833,83.66000000000008,71,26,2.91,MV,1681610215
221,tiksi,71.6872,128.8694,13.712000000000057,88,100,6.27,RU,1681610215
222,mildura,-34.2,142.15,60.08000000000004,69,0,8.33,AU,1681609899
223,itapetinga,-15.2489,-40.2478,67.24400000000007,87,30,1.04,BR,1681609899
224,lagoa,39.05,-27.9833,61.538000000000046,89,6,10.82,PT,1681609900
225,boende,-0.2167,20.8667,71.51000000000008,92,100,0.25,CD,1681609900
226,krasnoarmeysk,51.0239,45.6969,32.288000000000046,56,0,2.79,RU,1681609900
227,lasa,46.6166,10.7002,36.35600000000003,94,68,3.17,IT,1681610216
228,minot,48.2325,-101.2963,46.61600000000001,75,0,7.72,US,1681609901
229,teguise,29.0605,-13.564,62.81600000000001,77,0,6.17,ES,1681609901
230,komsomolskiy,40.4272,71.7189,63.320000000000064,51,75,3.09,UZ,1681610217
231,beringovskiy,63.05,179.3167,21.254000000000055,65,2,1.96,RU,1681610217
232,bontang,0.1333,117.5,83.03000000000004,78,36,1.51,ID,1681609901
233,villarrica,-25.75,-56.4333,73.49000000000002,69,100,0.67,PY,1681609871
234,te anau,-45.4167,167.7167,66.70400000000005,45,16,1.02,NZ,1681610218
235,salinopolis,-0.6136,-47.3561,79.41200000000006,84,100,2.15,BR,1681609660
236,napasar,27.9667,73.55,84.66800000000009,27,78,5.39,IN,1681609902
237,baykit,61.67,96.37,5.360000000000081,95,100,1.23,RU,1681609902
238,isangel,-19.55,169.2667,81.48200000000001,85,100,8.35,VU,1681609968
239,formosa,-26.1775,-58.1781,73.958,77,100,2.06,AR,1681609903
240,paramonga,-10.6667,-77.8333,76.73000000000005,81,100,4.09,PE,1681609903
241,zarubino,42.63,131.0922,36.91400000000003,97,100,1.73,RU,1681609903
242,orumiyeh,37.5527,45.0761,42.35,70,0,3.09,IR,1681609806
243,basco,20.4487,121.9702,78.24199999999999,85,100,5.88,PH,1681609904
244,parrita,9.5201,-84.3225,82.184,72,28,0.41,CR,1681609904
245,morros,-9.4467,-46.3003,75.66800000000009,68,84,0.74,BR,1681609904
246,makat,47.6469,53.3463,30.956000000000028,64,99,10.4,KZ,1681609905
247,tochio,37.4667,139.0,53.54600000000005,89,99,6.42,JP,1681609905
248,lupiro,-8.3833,36.6667,67.83800000000005,98,99,0.5,TZ,1681609905
249,rafaela,-31.2503,-61.4867,62.978000000000065,56,100,1.79,AR,1681609811
250,grand gaube,-20.0064,57.6608,76.37000000000006,83,98,4.88,MU,1681609905
251,mecca,21.4267,39.8261,78.87200000000004,69,8,0.67,SA,1681609905
252,waddan,29.1614,16.139,60.02600000000009,49,0,2.93,LY,1681609906
253,tiznit,29.5833,-9.5,66.86600000000001,47,0,0.5,MA,1681610222
254,pevek,69.7008,170.3133,7.591999999999995,89,74,1.95,RU,1681610223
255,sawtell,-30.3833,153.1,77.01800000000009,57,100,6.69,AU,1681609906
256,kandrian,-6.2167,149.55,85.19000000000003,69,92,3.62,PG,1681609906
257,cherskiy,68.75,161.3,22.208000000000006,72,11,1.1,RU,1681610224
258,manado,1.487,124.8455,90.37400000000001,62,20,1.54,ID,1681609907
259,talnakh,69.4865,88.3972,-10.515999999999956,73,2,1.22,RU,1681609907
260,caldwell,43.6629,-116.6874,65.55200000000008,23,0,7.2,US,1681609907
261,el alto,-4.2714,-81.2147,78.458,88,100,3.27,PE,1681609908
262,ayame,5.6083,-3.1563,75.79400000000007,95,100,0.34,CI,1681609908
263,iqaluit,63.7506,-68.5145,19.13000000000004,86,100,9.26,CA,1681610123
264,abu samrah,35.3029,37.1841,58.24400000000007,46,85,1.36,SY,1681609908
265,hami,42.8,93.45,69.72800000000007,20,0,4.57,CN,1681609633
266,northam,51.0333,-4.2167,48.61400000000003,80,100,3.11,GB,1681609908
267,ust-kuyga,70.0167,135.6,17.258000000000003,75,18,1.06,RU,1681610226
268,hinatuan,8.3722,126.3342,86.684,66,29,1.66,PH,1681609909
269,ixtapa,20.7,-105.2,71.33000000000004,69,1,0.54,MX,1681610227
270,imbituba,-28.24,-48.6703,73.85,84,100,3.36,BR,1681609909
271,maryville,35.7565,-83.9705,66.092,81,47,1.34,US,1681609910
272,luan,46.3592,6.9759,35.852000000000075,94,98,0.42,CH,1681609910
273,pemba,-12.974,40.5178,74.10200000000007,94,75,2.24,MZ,1681609910
274,tabas,33.5959,56.9244,57.41600000000001,23,99,1.03,IR,1681609910
275,portland,45.5234,-122.6762,57.74000000000002,60,99,2.68,US,1681609982
276,sinnamary,5.3833,-52.95,77.39600000000004,90,100,4.4,GF,1681610228
277,tigzirt,36.8886,4.1198,57.47000000000006,62,59,6.8,DZ,1681609911
278,meulaboh,4.1363,96.1285,80.34800000000003,83,98,1.19,ID,1681610229
279,dongsheng,39.8161,109.9776,55.85,20,36,5.29,CN,1681610229
280,darnetal,49.4453,1.1514,44.11400000000003,87,84,2.57,FR,1681609912
281,tilichiki,60.4667,166.1,24.548000000000023,84,73,2.67,RU,1681609912
282,ussel,45.55,2.3167,41.75600000000003,94,100,2.28,FR,1681609912
283,sungaipenuh,-2.0833,101.3833,73.07600000000009,76,100,1.29,ID,1681610230
284,valparaiso,-33.0393,-71.6273,60.44000000000002,72,0,1.03,CL,1681609654
285,hobyo,5.3505,48.5268,82.58000000000004,76,21,4.0,SO,1681609913
286,saint-francois,46.4154,3.9054,44.041999999999994,93,75,5.14,FR,1681610231
287,zhigansk,66.7697,123.3711,23.432000000000016,82,100,2.76,RU,1681610231
288,hays,30.0502,-98.0336,77.30600000000003,35,0,2.24,US,1681609704
289,fatehabad,29.5167,75.45,87.71000000000008,20,100,4.0,IN,1681609913
290,washington,47.5001,-120.5015,53.99600000000005,46,100,0.71,US,1681609879
291,mar del plata,-38.0023,-57.5575,54.95,75,0,1.03,AR,1681610232
292,anchorage,61.2181,-149.9003,47.28200000000002,50,100,1.54,US,1681610095
293,saskylakh,71.9167,114.0833,8.924000000000014,87,11,1.94,RU,1681610233
294,tefe,-3.3542,-64.7114,75.38000000000004,98,100,0.33,BR,1681609915
295,carnduff,49.1667,-101.8009,37.38200000000002,74,41,3.27,CA,1681609915
296,buta,2.7858,24.73,68.342,99,100,0.7,CD,1681609915
297,guerrero negro,27.9769,-114.0611,58.33399999999999,78,0,7.1,MX,1681609957
298,tibiao,11.2915,122.0354,84.38000000000004,69,98,2.46,PH,1681609916
299,beberibe,-4.1797,-38.1306,78.04400000000007,88,100,1.48,BR,1681609678
300,ulladulla,-35.35,150.4667,61.772000000000034,59,23,7.87,AU,1681609916
301,ahipara,-35.1667,173.1667,64.27400000000002,82,100,7.33,NZ,1681610236
302,kazachinskoye,57.6953,93.2761,20.083999999999993,61,100,1.71,RU,1681609916
303,salalah,17.0151,54.0924,82.49000000000002,74,20,2.57,OM,1681609917
304,chuchkovo,54.2693,41.4465,32.288000000000046,53,100,1.86,RU,1681609917
305,bama,11.5221,13.6856,79.64600000000004,15,92,1.34,NG,1681609917
306,alice springs,-23.7,133.8833,60.35,59,0,6.17,AU,1681610237
307,port augusta,-32.5,137.7667,64.76000000000008,37,12,6.14,AU,1681609917
308,agadez,19.75,10.25,75.47000000000006,13,6,1.68,NE,1681609918
309,micheweni,-4.9667,39.8333,78.99800000000002,82,96,3.11,TZ,1681609918
310,karratha,-20.7377,116.8463,75.90200000000007,25,12,9.56,AU,1681609918
311,punta alta,-38.8759,-62.0736,56.06600000000001,75,29,3.27,AR,1681609815
312,boddam,57.4667,-1.7833,44.978000000000065,86,100,9.06,GB,1681609918
313,galle,6.0367,80.217,80.11400000000003,78,26,0.66,LK,1681609919
314,ariquemes,-9.9133,-63.0408,73.058,98,95,0.56,BR,1681609824
315,bowen,-20.0167,148.2333,81.55400000000006,72,95,4.19,AU,1681609919
316,miles city,46.4083,-105.8406,50.97200000000004,29,0,2.57,US,1681609919
317,kargasok,59.0556,80.8572,17.510000000000083,86,100,6.59,RU,1681609919
318,arequipa,-16.3989,-71.535,59.07200000000004,82,0,1.54,PE,1681609920
319,lorengau,-2.0226,147.2712,80.45600000000003,85,100,8.5,PG,1681609920
320,saint-philippe,-21.3585,55.7679,74.78600000000007,85,36,1.47,RE,1681610241
321,evansville,37.9748,-87.5558,68.19800000000002,70,0,2.06,US,1681609920
322,labuhan,-6.8844,112.2051,82.74199999999999,75,49,2.76,ID,1681610241
323,quelimane,-17.8786,36.8883,75.29000000000002,73,91,1.93,MZ,1681609921
324,dunedin,-45.8742,170.5036,61.592,67,4,5.54,NZ,1681610124
325,kahului,20.8947,-156.47,80.61800000000008,71,40,8.75,US,1681610217
326,baniachang,24.5167,91.3667,85.29800000000003,42,90,1.6,BD,1681609921
327,atambua,-9.1061,124.8925,79.142,76,100,0.55,ID,1681610242
328,shache,38.4167,77.2406,62.708000000000006,18,54,2.77,CN,1681609922
329,iquira,2.6487,-75.6346,69.76400000000004,86,100,0.85,CO,1681609922
330,gigmoto,13.7796,124.39,86.19800000000002,68,65,2.45,PH,1681609922
331,zonguldak,41.25,31.8333,53.94199999999999,66,100,2.67,TR,1681609923
332,saint-gaudens,43.0833,0.6667,44.024000000000015,86,73,2.19,FR,1681609923
333,pisco,-13.7,-76.2167,78.0260000000001,78,75,5.66,PE,1681610244
334,fortuna,40.5982,-124.1573,51.65600000000003,73,72,0.89,US,1681610244
335,kotovo,50.3211,44.8012,31.658000000000005,51,31,2.56,RU,1681609924
336,homer,59.6425,-151.5483,44.041999999999994,74,40,2.57,US,1681609745
337,kasongo,-4.45,26.6667,68.75600000000003,99,100,1.54,CD,1681609925
338,nara,34.6851,135.8049,65.49800000000002,36,90,3.43,JP,1681609926
339,cuamba,-14.8031,36.5372,66.27200000000003,91,100,2.22,MZ,1681609927
340,pangnirtung,66.1451,-65.7125,6.512000000000057,95,53,2.25,CA,1681610247
341,yushala,57.0761,64.2601,26.420000000000062,77,13,2.32,RU,1681609928
342,laguna,38.421,-121.4238,70.08800000000005,51,0,3.6,US,1681610248
343,pacasmayo,-7.4006,-79.5714,78.26000000000008,78,100,4.22,PE,1681609928
344,richards bay,-28.783,32.0377,61.23200000000001,77,13,2.27,ZA,1681609929
345,mareeba,-17.0,145.4333,88.44800000000002,62,100,3.18,AU,1681609929
346,mahibadhoo,3.7833,72.9667,82.65200000000007,71,96,1.73,MV,1681610249
347,kenai,60.5544,-151.2583,46.49000000000002,52,40,4.63,US,1681610249
348,samdari,25.8167,72.5833,80.42000000000006,42,32,2.56,IN,1681609930
349,suez,29.9737,32.5263,62.34800000000003,66,0,4.76,EG,1681609931
350,sohbatpur,28.5202,68.5434,86.46800000000009,25,44,2.77,PK,1681609931
351,calvinia,-31.4707,19.776,58.87400000000001,21,0,3.17,ZA,1681609931
352,novoagansk,61.9449,76.6625,-2.8479999999999706,94,48,4.37,RU,1681609932
353,erdenet,49.0333,104.0833,22.946000000000048,88,100,1.77,MN,1681609932
354,svecha,58.2785,47.5164,28.43600000000007,90,10,2.94,RU,1681609932
355,usisha,42.2511,47.3928,37.72400000000001,95,100,1.44,RU,1681609932
356,rawlins,41.7911,-107.2387,37.291999999999994,44,0,6.17,US,1681609933
357,mogadishu,2.0371,45.3438,82.36400000000003,73,61,3.93,SO,1681610252
358,narsaq,60.9167,-46.05,34.088000000000044,62,97,4.64,GL,1681610252
359,takaungu,-3.6837,39.8566,78.38600000000007,84,100,2.81,KE,1681609933
360,baruun-urt,46.6806,113.2792,44.13200000000002,18,100,7.68,MN,1681610253
361,clemencia,10.5665,-75.325,79.97000000000006,81,53,6.72,CO,1681609934
362,hauterive,46.0901,3.4459,48.95600000000003,98,96,2.67,FR,1681610254
363,bozeman,45.6796,-111.0386,47.62400000000001,58,0,3.6,US,1681609878
364,jijiga,9.35,42.8,62.72600000000009,87,95,1.04,ET,1681609935
365,monchegorsk,67.9397,32.8739,22.460000000000083,92,24,2.13,RU,1681609936
366,broome,42.2506,-75.833,64.56200000000005,88,94,1.34,US,1681610255
367,hvide sande,56.0045,8.1294,46.09400000000007,94,100,1.91,DK,1681609936
368,saint-pierre,-21.3393,55.4781,74.87600000000009,69,0,2.57,RE,1681609937
369,hyeres,43.1167,6.1167,54.68000000000004,54,0,2.06,FR,1681609937
370,provideniya,64.3833,-173.3,17.132000000000016,73,100,3.53,RU,1681610257
371,novyy urgal,51.0736,132.5642,43.57400000000001,38,88,1.69,RU,1681609938
372,verkhnyaya inta,65.9811,60.3094,4.441999999999997,96,97,3.26,RU,1681609938
373,mascote,-15.5631,-39.3025,70.484,99,79,1.41,BR,1681609938
374,miri,4.4148,114.0089,84.34400000000008,84,20,1.03,MY,1681609939
375,sorong,-0.8833,131.25,84.59600000000005,69,39,1.82,ID,1681609939
376,ucluelet,48.9329,-125.5528,46.70600000000003,92,100,1.79,CA,1681610258
377,awjilah,29.1081,21.2869,63.733999999999995,35,65,5.65,LY,1681609940
378,bubaque,11.2833,-15.8333,78.36800000000008,86,2,6.8,GW,1681609940
379,dunda,-8.1167,34.25,60.8,96,23,0.86,TZ,1681610259
380,aykhal,66.0,111.5,24.404000000000053,95,100,9.64,RU,1681609941
381,vangaindrano,-23.35,47.6,70.84400000000008,89,6,3.21,MG,1681609941
382,araouane,18.9048,-3.5265,76.73000000000005,9,0,3.57,ML,1681609941
383,lavrentiya,65.5833,-171.0,12.506000000000029,75,75,0.63,RU,1681610260
384,tungor,53.3808,142.9564,32.41400000000003,89,97,3.5,RU,1681609942
385,skibbereen,51.55,-9.2667,52.10600000000003,98,100,2.67,IE,1681609810
386,suntar,62.1444,117.6319,31.838000000000044,90,11,3.39,RU,1681609943
387,kidal,18.4411,1.4078,79.55600000000003,10,0,4.43,ML,1681609943
388,changping,40.2186,116.2197,62.24000000000002,10,9,2.44,CN,1681609944
389,barsovo,61.1667,73.1667,6.926000000000091,87,95,5.51,RU,1681609944
390,torbat-e jam,35.244,60.6225,56.768000000000086,32,69,5.97,IR,1681609944
391,sur,22.5667,59.5289,82.74199999999999,52,5,2.43,OM,1681609944
392,touros,-5.1989,-35.4608,77.0,92,99,4.11,BR,1681610262
393,tres arroyos,-38.3739,-60.2798,49.55,73,44,0.78,AR,1681609945
394,severomuysk,56.1481,113.4267,12.686000000000071,89,100,3.79,RU,1681609945
395,ola,59.5833,151.2833,32.14400000000008,88,100,6.08,RU,1681609945
396,kasungu,-13.0333,33.4833,63.248000000000026,92,100,4.56,MW,1681609946
397,lagos,6.5833,3.75,80.924,87,100,1.7,NG,1681609896
398,nguru,12.8791,10.4526,82.67000000000006,11,99,3.06,NG,1681609946
399,olga,43.7444,135.2892,41.12600000000009,43,100,7.75,RU,1681610263
400,kaabong,3.4836,34.1492,65.858,74,26,6.58,UG,1681609947
401,burnie,-41.0667,145.9167,62.94199999999999,59,91,4.93,AU,1681609942
402,trofors,65.5333,13.4063,34.32200000000004,97,100,1.69,NO,1681609947
403,qazvin,36.2797,50.0049,38.82200000000004,75,0,1.03,IR,1681610264
404,kanniyakumari,8.0833,77.5667,82.38200000000002,78,46,2.5,IN,1681609948
405,jaora,23.6333,75.1333,81.03200000000001,25,0,4.03,IN,1681609949
406,lander,42.833,-108.7307,45.41000000000008,40,0,0.0,US,1681609949
407,sand springs,36.1398,-96.1089,54.01400000000003,58,100,4.12,US,1681609950
408,lodja,-3.4833,23.4333,69.51200000000006,99,100,0.73,CD,1681609950
409,regina,50.4501,-104.6178,48.30800000000001,48,20,3.6,CA,1681609731
410,shwebo,22.5667,95.7,94.64000000000001,27,35,4.52,MM,1681609951
411,kodiak,57.79,-152.4072,35.11400000000003,69,20,8.75,US,1681610266
412,tuatapere,-46.1333,167.6833,67.67600000000009,48,18,1.11,NZ,1681609951
413,aripuana,-9.1667,-60.6333,73.25600000000003,99,100,0.27,BR,1681609953
414,krasnozerskoye,53.9828,79.2374,24.656000000000027,46,3,3.69,RU,1681609953
415,kouqian,43.6391,126.4578,48.97400000000001,58,100,1.07,CN,1681609953
416,skoghall,59.3232,13.4655,37.958000000000006,75,75,4.12,SE,1681609955
417,launceston,-41.45,147.1667,62.34800000000003,90,100,5.14,AU,1681609955
418,mondlo,-27.983,30.7177,45.662000000000056,90,0,1.53,ZA,1681609956
419,beruwala,6.4788,79.9828,79.88000000000004,79,63,1.26,LK,1681609956
420,pafos,34.7667,32.4167,56.983999999999995,77,56,2.57,CY,1681610061
421,kavieng,-2.5744,150.7967,78.36800000000008,88,100,4.22,PG,1681610268
422,neuquen,-38.9516,-68.0591,55.291999999999994,58,0,1.54,AR,1681609686
423,oyon,-10.6681,-76.7731,44.07800000000007,97,100,0.58,PE,1681609958
424,setermoen,68.861,18.3486,38.42600000000009,69,100,0.89,NO,1681609959
425,tezu,27.9167,96.1667,89.58200000000002,27,94,0.9,IN,1681609959
426,prince rupert,54.3161,-130.3201,42.89000000000002,76,75,12.35,CA,1681610269
427,filadelfia,39.9523,-75.1638,64.99400000000007,93,75,2.06,US,1681609847
428,hay river,60.8156,-115.7999,49.98200000000001,40,75,4.63,CA,1681609959
429,prainha,-1.8,-53.48,75.38000000000004,94,51,1.24,BR,1681609960
430,jauharabad,32.2898,72.2813,82.94000000000003,24,100,3.58,PK,1681609960
431,flin flon,54.7682,-101.865,34.30400000000005,98,100,2.16,CA,1681609960
432,celestun,20.8667,-90.4,80.33000000000004,84,4,6.26,MX,1681610271
433,dwarka,22.2394,68.9678,79.57400000000001,84,7,4.36,IN,1681609781
434,cairns,-16.9167,145.7667,93.07400000000001,66,97,5.66,AU,1681609961
435,kumluca,36.3703,30.2869,61.79000000000002,68,53,3.21,TR,1681609961
436,lumeje,-11.55,20.7833,68.48600000000008,78,100,2.18,AO,1681609962
437,charters towers,-20.1,146.2667,87.60200000000007,47,96,3.23,AU,1681609962
438,lakes entrance,-37.8811,147.981,55.16600000000001,92,100,5.5,AU,1681610272
439,ambilobe,-13.2,49.05,70.82600000000009,94,9,1.18,MG,1681609963
440,goundam,16.4145,-3.6708,79.68200000000002,9,0,4.08,ML,1681609963
441,kavaratti,10.5669,72.642,83.37200000000004,74,47,1.36,IN,1681610273
442,khanu woralaksaburi,16.0617,99.8606,91.59800000000003,46,43,3.57,TH,1681609963
443,mehamn,71.0357,27.8492,28.34600000000005,64,8,3.09,NO,1681609963
444,barreiras,-12.1528,-44.99,74.31800000000008,63,88,0.81,BR,1681609964
445,kudahuvadhoo,2.6708,72.8944,82.36400000000003,73,78,2.11,MV,1681610274
446,wahiawa,21.5028,-158.0236,80.924,64,75,3.6,US,1681609741
447,port-gentil,-0.7193,8.7815,81.51800000000009,79,100,4.85,GA,1681610274
448,nyurba,63.2842,118.3319,30.74000000000002,94,37,4.32,RU,1681609965
449,makasar,-5.14,119.4221,82.45400000000005,69,20,1.03,ID,1681609965
450,kaniama,-7.5667,24.1833,65.89400000000008,96,100,1.75,CD,1681609965
451,pacific grove,36.6177,-121.9166,60.22400000000001,75,0,4.63,US,1681609673
452,camacha,33.0833,-16.3333,62.024000000000015,72,40,5.66,PT,1681609965
453,syracuse,37.0881,15.2792,54.98600000000007,79,100,4.81,IT,1681609893
454,mezen,65.8522,44.24,13.370000000000061,95,47,1.95,RU,1681610276
455,along,28.1667,94.7667,79.55600000000003,53,100,0.48,IN,1681609966
456,yantal,56.8471,105.2542,17.798000000000023,64,62,1.89,RU,1681609966
457,sturgeon falls,46.3646,-79.9326,57.16400000000003,71,54,0.57,CA,1681609966
458,qaqortoq,60.7167,-46.0333,35.18600000000007,64,99,3.87,GL,1681610277
459,biak,-0.9131,122.8766,84.00200000000008,69,19,0.66,ID,1681609967
460,wau,7.7029,27.9953,78.58399999999999,60,100,1.89,SS,1681609967
461,haines junction,60.7522,-137.5108,44.54600000000005,36,94,2.57,CA,1681609967
462,ancud,-41.8697,-73.8203,47.08399999999999,87,0,1.96,CL,1681610278
463,itupiranga,-5.1347,-49.3267,80.924,96,61,0.77,BR,1681609968
464,rio grande,-32.035,-52.0986,66.21800000000009,85,99,4.12,BR,1681609968
465,korla,41.7597,86.1469,69.65600000000003,20,67,2.47,CN,1681610278
466,emerald,-23.5333,148.1667,84.34400000000008,54,68,2.65,AU,1681610278
467,kalagarh,29.5,78.75,82.68800000000005,20,4,1.32,IN,1681609969
468,murakami,38.2333,139.4833,57.092,83,86,7.19,JP,1681609969
469,kargil,34.5667,76.1,32.73800000000004,64,73,1.06,IN,1681609969
470,avera,33.194,-82.5271,67.51400000000004,71,100,3.22,US,1681610279
471,noumea,-22.2763,166.4572,78.78200000000001,92,100,2.35,NC,1681609969
472,oktyabrskiy,54.4815,53.471,30.38000000000004,62,0,1.89,RU,1681610280
473,tarpon springs,28.1461,-82.7568,79.142,85,100,1.79,US,1681609902
474,brae,60.3964,-1.353,44.42000000000006,82,100,6.94,GB,1681609970
475,los llanos de aridane,28.6585,-17.9182,62.34800000000003,77,100,4.63,ES,1681610280
476,salihli,38.4826,28.1477,57.30800000000001,58,82,1.08,TR,1681609970
477,akyab,20.15,92.9,83.39000000000001,73,81,0.46,MM,1681610281
478,hambantota,6.1241,81.1185,75.542,100,40,0.0,LK,1681609742
479,bonthe,7.5264,-12.505,80.52800000000006,87,98,2.29,SL,1681609971
480,morada nova,-5.1067,-38.3725,76.29800000000003,90,97,1.47,BR,1681609971
481,zhigalovo,54.8097,105.1578,21.74000000000002,52,77,2.5,RU,1681609971
482,bembereke,10.2283,2.6634,78.53000000000004,67,98,4.66,BJ,1681609972
483,narrabri,-30.3167,149.7833,75.52400000000002,63,58,2.24,AU,1681609972
484,sucre,-19.0333,-65.2627,58.64000000000002,73,69,1.99,BO,1681609972
485,ayagoz,47.9714,80.4392,31.37000000000006,76,98,6.58,KZ,1681609972
486,vardo,70.3705,31.1107,28.382000000000016,59,5,5.14,NO,1681610283
487,bure,10.7,37.0667,62.40200000000008,68,100,1.08,ET,1681609973
488,betlitsa,54.0095,33.9588,35.258,61,100,3.65,RU,1681609973
489,pierre,44.3683,-100.351,45.518000000000086,56,75,5.14,US,1681609973
490,mormugao,15.4,73.8,80.36600000000001,76,2,1.15,IN,1681609973
491,christchurch,-43.5333,172.6333,64.41800000000009,74,22,9.26,NZ,1681609827
492,mahebourg,-20.4081,57.7,76.24400000000007,94,40,1.54,MU,1681610285
493,bonfim,3.0833,-59.95,80.42000000000006,73,100,4.89,BR,1681609974
494,severo-kurilsk,50.6789,156.125,32.05400000000005,76,84,0.66,RU,1681609974
495,eyl,7.9803,49.8164,81.5,75,47,3.76,SO,1681610286
496,ballina,-28.8667,153.5667,83.78600000000007,53,9,4.98,AU,1681610286
497,kamaishi,39.2667,141.8833,58.064000000000036,76,99,5.75,JP,1681609975
498,chapais,49.7834,-74.8492,49.78399999999999,97,100,2.18,CA,1681609975
499,ternate,0.8,127.4,84.70400000000005,68,31,1.3,ID,1681609975
500,mamallapuram,12.6264,80.1722,80.65400000000005,67,100,5.58,IN,1681609975
501,abonnema,4.7084,6.7931,77.28800000000004,90,99,1.38,NG,1681609975
502,carballo,43.213,-8.691,53.87000000000006,91,25,1.16,ES,1681609976
503,college,64.8569,-147.8028,35.924000000000014,48,20,4.12,US,1681609976
504,norwich,52.6278,1.2983,41.360000000000085,93,100,0.51,GB,1681609976
505,virginia beach,36.8529,-75.978,74.01200000000006,71,40,2.06,US,1681609739
506,paamiut,61.994,-49.6678,32.522000000000034,68,14,3.36,GL,1681610289
507,havre-saint-pierre,50.2334,-63.5986,33.8,86,40,1.54,CA,1681609977
508,santa rosa,14.3122,121.1114,86.09000000000002,77,39,1.09,PH,1681609977
509,mega,4.05,38.3,58.51400000000003,88,22,2.6,ET,1681609977
510,gobabis,-22.45,18.9667,64.63399999999999,49,100,3.12,NA,1681609978
511,taksimo,56.3444,114.8794,28.904000000000053,90,100,2.24,RU,1681609978
512,ojinaga,29.5667,-104.4167,80.42000000000006,21,0,1.54,MX,1681609680
513,soe,-9.8607,124.284,77.558,68,81,0.83,ID,1681609978
514,sarkand,45.41,79.9186,55.688000000000045,58,51,4.37,KZ,1681609979
515,pyshma,56.9523,63.2513,27.32000000000006,81,68,2.93,RU,1681609979
516,morehead,37.2711,-87.1764,70.98800000000004,94,0,0.0,US,1681609979
517,muisne,0.6,-80.0333,78.58399999999999,88,100,1.92,EC,1681610292
518,irbeyskoye,55.6428,95.4522,20.390000000000022,66,84,2.12,RU,1681609979
519,solenzo,12.1833,-4.0833,90.46400000000003,13,100,1.02,BF,1681609980
520,galveston,29.3669,-94.9669,79.142,86,75,6.17,US,1681609980
521,inyonga,-6.7167,32.0667,61.79000000000002,97,100,1.6,TZ,1681609980
522,leningradskiy,69.3833,178.4167,14.018000000000086,84,4,4.54,RU,1681609980
523,saint-georges,12.0564,-61.7485,78.47600000000008,78,20,4.12,GD,1681610293
524,tucuman,-26.8241,-65.2226,59.0,94,75,1.03,AR,1681609981
525,kikwit,-5.041,18.8162,71.22200000000004,97,100,1.29,CD,1681609981
526,nelson bay,-32.7167,152.15,75.00200000000008,53,100,1.97,AU,1681610294
527,marihatag,8.7936,126.2969,83.858,72,63,2.2,PH,1681609981
528,iglesias,39.3114,8.535,51.78200000000002,83,86,6.26,IT,1681609833
529,caravelas,-17.7125,-39.2481,77.09000000000002,86,77,3.82,BR,1681609982
530,norman wells,65.282,-126.8329,19.43600000000007,73,100,2.06,CA,1681609982
531,vigrestad,58.5667,5.7,44.96000000000008,86,84,2.6,NO,1681609982
532,fatehpur sikri,27.1,77.6667,88.12400000000001,17,1,2.41,IN,1681609984
533,rongcheng,30.634,117.8517,77.77400000000002,53,7,1.76,CN,1681609984
534,bereda,43.2686,-7.5406,48.57800000000007,100,90,1.26,ES,1681610298
535,zhengjiatun,43.5064,123.5064,54.82400000000001,26,65,5.94,CN,1681609985
536,tocopilla,-22.092,-70.1979,69.20600000000003,76,25,4.23,CL,1681609985
537,djibo,14.1022,-1.6306,84.14600000000004,9,38,4.37,BF,1681610299
538,sangar,63.9242,127.4739,32.57600000000009,92,98,5.96,RU,1681610299
539,walvis bay,-22.9575,14.5053,68.95400000000005,40,2,3.6,NA,1681609986
540,lapeer,43.0514,-83.3188,70.28600000000007,56,0,1.54,US,1681609703
541,cidreira,-30.1811,-50.2056,68.93600000000006,85,92,8.27,BR,1681609988
542,manggar,-2.8833,108.2667,84.41600000000001,70,100,2.32,ID,1681609989
543,lithakia,37.7167,20.8333,52.97000000000006,74,98,3.09,GR,1681609989
544,nizhnyaya omka,55.4338,74.9426,27.17600000000009,49,90,5.36,RU,1681609990
545,diapaga,12.0708,1.7889,88.97000000000006,38,100,2.85,BF,1681609990
546,leh,34.1667,77.5833,29.714000000000034,85,92,0.73,IN,1681609991
547,cap malheureux,-19.9842,57.6142,76.46000000000008,83,97,4.97,MU,1681609991
548,huarmey,-10.0681,-78.1522,78.33200000000002,79,100,3.61,PE,1681609991
549,isabela,6.7085,121.9711,86.05400000000006,62,26,1.62,PH,1681609992
550,hasaki,35.7333,140.8333,65.21000000000008,74,100,1.48,JP,1681609992
551,lehututu,-23.9667,21.8667,62.69000000000002,66,0,5.3,BW,1681609993
552,noyabrsk,63.1994,75.4507,3.920000000000062,92,100,7.24,RU,1681609993
553,shirgaon,19.7,72.7,79.46600000000001,67,0,1.53,IN,1681609994
554,san jose,37.3394,-121.895,62.852000000000075,63,20,7.72,US,1681609827
555,san policarpo,12.1791,125.5072,81.91400000000003,84,90,3.53,PH,1681609994
556,omboue,-1.5746,9.2618,78.40400000000005,87,100,2.55,GA,1681610305
557,pingzhuang,42.0372,119.2889,49.208000000000006,31,0,3.55,CN,1681609995
558,carlsbad,33.1581,-117.3506,65.89400000000008,79,0,4.02,US,1681609923
559,vestmannaeyjar,63.4427,-20.2734,45.158,78,100,12.11,IS,1681610306
560,shaunavon,49.6501,-108.4181,40.78399999999999,64,1,3.58,CA,1681610306
561,aquiraz,-3.9014,-38.3911,78.89000000000001,88,100,2.14,BR,1681609996
562,springfield,37.2153,-93.2982,49.19000000000002,86,100,6.71,US,1681609838
563,nantucket,41.2835,-70.0995,55.544000000000075,94,100,1.54,US,1681609996
564,san cristobal,7.7669,-72.225,75.38000000000004,84,100,1.1,VE,1681609997
565,california city,35.1258,-117.9859,76.58600000000007,17,0,5.14,US,1681609997
566,enshi,30.3,109.4833,73.94000000000003,65,0,0.42,CN,1681609997
567,cestas,44.7435,-0.6791,44.52800000000006,92,0,0.51,FR,1681609998
568,kyzyl-suu,42.3414,78.0056,46.04000000000002,80,100,1.78,KG,1681609998
569,elk plain,47.0532,-122.3976,50.45,86,100,0.0,US,1681609998
570,altamira,-3.2033,-52.2064,74.21000000000008,96,79,0.8,BR,1681609999
571,esmeraldas,-19.7625,-44.3139,74.44400000000007,90,31,1.48,BR,1681609999
572,marsh harbour,26.5412,-77.0636,76.80200000000008,86,0,5.4,BS,1681610000
573,maniwaki,46.3834,-75.966,55.77800000000006,62,6,0.51,CA,1681610069
574,ngama,11.7833,17.1667,82.47200000000004,12,78,3.61,TD,1681610001
575,izazi,-7.2,35.7333,71.25800000000001,79,100,0.61,TZ,1681610001
576,general roca,-39.0333,-67.5833,48.61400000000003,44,7,2.78,AR,1681610001
577,revelstoke,50.9832,-118.2023,50.018000000000086,46,75,7.72,CA,1681610002
578,areia branca,-4.9561,-37.1369,77.19800000000002,85,100,4.37,BR,1681609894
579,quesnel,52.9999,-122.5029,54.104000000000056,32,0,8.75,CA,1681610002
580,sorada,19.75,84.4333,92.78600000000007,21,100,1.73,IN,1681610313
581,muroto,33.2833,134.15,62.06000000000008,63,1,5.8,JP,1681610003
582,mardan,34.2019,72.0525,75.81200000000005,44,100,3.45,PK,1681610004
583,brainerd,46.358,-94.2008,37.18399999999999,87,100,5.66,US,1681610004
584,pingliang,35.5392,106.6861,72.266,33,10,1.64,CN,1681610004
585,garissa,-0.4536,39.6401,76.51400000000004,85,81,4.4,KE,1681610005
586,claveria,18.6074,121.0832,83.22800000000007,73,63,2.27,PH,1681610005
587,tarrafal,15.2833,-23.7667,79.592,83,1,5.76,CV,1681610005
588,oga,46.4631,10.347,31.802000000000078,96,74,2.71,IT,1681610006
589,udachnyy,66.4167,112.4,26.456000000000028,49,97,9.09,RU,1681610316
590,finschhafen,-6.6024,147.8681,84.95600000000003,69,51,4.92,PG,1681610007
591,kieta,-6.2167,155.6333,86.91800000000009,58,81,1.62,PG,1681610317
592,cayenne,4.9333,-52.3333,77.03600000000007,94,75,1.54,GF,1681610022
593,rassvet,46.8333,40.75,36.62600000000009,83,31,5.55,RU,1681610007
594,sisimiut,66.9395,-53.6735,19.4,82,6,4.87,GL,1681610008
595,vestmanna,62.1564,-7.1664,43.71800000000009,87,75,6.69,FO,1681610008
596,freeport,40.6576,-73.5832,62.96000000000008,91,100,3.6,US,1681610008
597,gravdal,68.1214,13.5031,40.29800000000002,94,100,4.06,NO,1681610009
598,watsa,3.0372,29.5355,64.13000000000004,97,100,0.46,CD,1681610009
599,mayor pablo lagerenza,-19.9309,-60.7718,65.58800000000005,93,92,1.66,PY,1681610009
